review,sentiment
Excellent service,positive
Excellent service,positive
Very satisfied,positive
Very disappointed,negative
Fantastic product,positive
Excellent service,positive
Won't buy again,negative
Excellent service,positive
Fantastic product,positive
Terrible experience,negative
Terrible experience,negative
Fantastic product,positive
Fantastic product,positive
Highly recommend,positive
Decent but not great,neutral
Poor quality,negative
Highly recommend,positive
Decent but not great,neutral
Average experience,neutral
Excellent service,positive
Poor quality,negative
Poor quality,negative
Terrible experience,negative
Poor quality,negative
Absolutely loved it!,positive
Poor quality,negative
Average experience,neutral
Very disappointed,negative
It was okay,neutral
Highly recommend,positive
Excellent service,positive
Very disappointed,negative
Fantastic product,positive
It was okay,neutral
Very satisfied,positive
Decent but not great,neutral
Decent but not great,neutral
Not worth the money,negative
Terrible experience,negative
It was okay,neutral
Won't buy again,negative
Very disappointed,negative
Highly recommend,positive
Not worth the money,negative
Won't buy again,negative
Very satisfied,positive
Very disappointed,negative
Poor quality,negative
Very satisfied,positive
Very disappointed,negative
Not worth the money,negative
It was okay,neutral
It was okay,neutral
Poor quality,negative
Neutral opinion,neutral
Neutral opinion,neutral
Excellent service,positive
Average experience,neutral
Very disappointed,negative
Poor quality,negative
Fantastic product,positive
Very satisfied,positive
Neutral opinion,neutral
It was okay,neutral
Absolutely loved it!,positive
Poor quality,negative
Terrible experience,negative
Not worth the money,negative
Not worth the money,negative
Fantastic product,positive
Poor quality,negative
Not worth the money,negative
Not worth the money,negative
Absolutely loved it!,positive
Average experience,neutral
Nothing special,neutral
Absolutely loved it!,positive
Won't buy again,negative
Absolutely loved it!,positive
It was okay,neutral
Not worth the money,negative
Highly recommend,positive
Absolutely loved it!,positive
Very satisfied,positive
Absolutely loved it!,positive
Very disappointed,negative
Absolutely loved it!,positive
Won't buy again,negative
Fantastic product,positive
Terrible experience,negative
It was okay,neutral
Average experience,neutral
Very satisfied,positive
It was okay,neutral
Not worth the money,negative
Terrible experience,negative
Terrible experience,negative
Terrible experience,negative
Highly recommend,positive
Absolutely loved it!,positive
Neutral opinion,neutral
Very disappointed,negative
Excellent service,positive
Fantastic product,positive
Not worth the money,negative
Highly recommend,positive
Nothing special,neutral
Poor quality,negative
Highly recommend,positive
Absolutely loved it!,positive
Nothing special,neutral
Poor quality,negative
Decent but not great,neutral
Not worth the money,negative
Won't buy again,negative
Nothing special,neutral
Neutral opinion,neutral
Absolutely loved it!,positive
Decent but not great,neutral
Nothing special,neutral
Terrible experience,negative
Poor quality,negative
Nothing special,neutral
Excellent service,positive
Neutral opinion,neutral
Excellent service,positive
Neutral opinion,neutral
Terrible experience,negative
Not worth the money,negative
Poor quality,negative
Excellent service,positive
Highly recommend,positive
Very disappointed,negative
Absolutely loved it!,positive
Average experience,neutral
Very satisfied,positive
It was okay,neutral
Neutral opinion,neutral
Terrible experience,negative
Excellent service,positive
Highly recommend,positive
Very satisfied,positive
Terrible experience,negative
Not worth the money,negative
Fantastic product,positive
Highly recommend,positive
Absolutely loved it!,positive
Excellent service,positive
Very satisfied,positive
It was okay,neutral
Highly recommend,positive
Very satisfied,positive
Absolutely loved it!,positive
Highly recommend,positive
Poor quality,negative
Won't buy again,negative
Excellent service,positive
Excellent service,positive
Very disappointed,negative
Terrible experience,negative
Nothing special,neutral
Highly recommend,positive
Decent but not great,neutral
It was okay,neutral
Absolutely loved it!,positive
Very satisfied,positive
Average experience,neutral
Absolutely loved it!,positive
Highly recommend,positive
Neutral opinion,neutral
Highly recommend,positive
Absolutely loved it!,positive
Very satisfied,positive
Very satisfied,positive
Average experience,neutral
Highly recommend,positive
Not worth the money,negative
Fantastic product,positive
Very disappointed,negative
Very satisfied,positive
Nothing special,neutral
Neutral opinion,neutral
Very disappointed,negative
Terrible experience,negative
Very satisfied,positive
Terrible experience,negative
Absolutely loved it!,positive
Decent but not great,neutral
Fantastic product,positive
Fantastic product,positive
Excellent service,positive
Won't buy again,negative
Excellent service,positive
Nothing special,neutral
Nothing special,neutral
Decent but not great,neutral
Highly recommend,positive
Terrible experience,negative
Fantastic product,positive
Absolutely loved it!,positive
Highly recommend,positive
Absolutely loved it!,positive
Poor quality,negative
Very satisfied,positive
Average experience,neutral
Terrible experience,negative
Excellent service,positive
Terrible experience,negative
Not worth the money,negative
It was okay,neutral
Terrible experience,negative
Highly recommend,positive
Terrible experience,negative
Highly recommend,positive
Very satisfied,positive
Highly recommend,positive
Very satisfied,positive
Decent but not great,neutral
Nothing special,neutral
Excellent service,positive
Excellent service,positive
Very satisfied,positive
Terrible experience,negative
It was okay,neutral
Poor quality,negative
Won't buy again,negative
Very disappointed,negative
It was okay,neutral
Not worth the money,negative
Absolutely loved it!,positive
Nothing special,neutral
Decent but not great,neutral
Very satisfied,positive
Very satisfied,positive
Very satisfied,positive
Very satisfied,positive
Decent but not great,neutral
Highly recommend,positive
Decent but not great,neutral
Neutral opinion,neutral
Very satisfied,positive
It was okay,neutral
It was okay,neutral
Absolutely loved it!,positive
Decent but not great,neutral
Not worth the money,negative
Decent but not great,neutral
Nothing special,neutral
Terrible experience,negative
Not worth the money,negative
Not worth the money,negative
Highly recommend,positive
Poor quality,negative
Highly recommend,positive
Not worth the money,negative
Fantastic product,positive
Excellent service,positive
Fantastic product,positive
Poor quality,negative
Poor quality,negative
Very satisfied,positive
Neutral opinion,neutral
Very satisfied,positive
Nothing special,neutral
Excellent service,positive
Absolutely loved it!,positive
It was okay,neutral
Absolutely loved it!,positive
It was okay,neutral
Terrible experience,negative
Won't buy again,negative
Fantastic product,positive
Nothing special,neutral
Excellent service,positive
Not worth the money,negative
Nothing special,neutral
Not worth the money,negative
Fantastic product,positive
Very satisfied,positive
Not worth the money,negative
Won't buy again,negative
Absolutely loved it!,positive
Poor quality,negative
Fantastic product,positive
Neutral opinion,neutral
Very satisfied,positive
Excellent service,positive
Nothing special,neutral
Very satisfied,positive
Average experience,neutral
Very disappointed,negative
Not worth the money,negative
Poor quality,negative
Absolutely loved it!,positive
Very satisfied,positive
Excellent service,positive
Highly recommend,positive
Very disappointed,negative
Absolutely loved it!,positive
Not worth the money,negative
Very satisfied,positive
Fantastic product,positive
Neutral opinion,neutral
Fantastic product,positive
Not worth the money,negative
Won't buy again,negative
Decent but not great,neutral
Highly recommend,positive
Won't buy again,negative
Poor quality,negative
Highly recommend,positive
It was okay,neutral
Very disappointed,negative
Average experience,neutral
Average experience,neutral
Terrible experience,negative
Terrible experience,negative
Won't buy again,negative
Decent but not great,neutral
Neutral opinion,neutral
Fantastic product,positive
Excellent service,positive
Excellent service,positive
Average experience,neutral
Decent but not great,neutral
Average experience,neutral
It was okay,neutral
Nothing special,neutral
Won't buy again,negative
Decent but not great,neutral
Neutral opinion,neutral
Highly recommend,positive
Poor quality,negative
Nothing special,neutral
Absolutely loved it!,positive
Fantastic product,positive
Average experience,neutral
Very satisfied,positive
Fantastic product,positive
Excellent service,positive
It was okay,neutral
Excellent service,positive
Terrible experience,negative
Nothing special,neutral
Poor quality,negative
Absolutely loved it!,positive
Neutral opinion,neutral
Poor quality,negative
Won't buy again,negative
Excellent service,positive
Nothing special,neutral
Very disappointed,negative
Average experience,neutral
Very disappointed,negative
Neutral opinion,neutral
Not worth the money,negative
Poor quality,negative
Highly recommend,positive
Neutral opinion,neutral
Terrible experience,negative
Very disappointed,negative
Not worth the money,negative
Poor quality,negative
Very satisfied,positive
Highly recommend,positive
Very satisfied,positive
Highly recommend,positive
Very satisfied,positive
Absolutely loved it!,positive
Absolutely loved it!,positive
Terrible experience,negative
Excellent service,positive
It was okay,neutral
Excellent service,positive
Neutral opinion,neutral
Absolutely loved it!,positive
Fantastic product,positive
Neutral opinion,neutral
Very disappointed,negative
Neutral opinion,neutral
Decent but not great,neutral
Excellent service,positive
Highly recommend,positive
Highly recommend,positive
It was okay,neutral
Average experience,neutral
Decent but not great,neutral
Average experience,neutral
Absolutely loved it!,positive
Decent but not great,neutral
Excellent service,positive
Excellent service,positive
Very disappointed,negative
Highly recommend,positive
Decent but not great,neutral
Very satisfied,positive
Very satisfied,positive
Decent but not great,neutral
Excellent service,positive
Excellent service,positive
Absolutely loved it!,positive
Won't buy again,negative
Not worth the money,negative
Fantastic product,positive
Won't buy again,negative
Decent but not great,neutral
Very disappointed,negative
Decent but not great,neutral
Very satisfied,positive
Poor quality,negative
Not worth the money,negative
Excellent service,positive
Decent but not great,neutral
Excellent service,positive
Highly recommend,positive
Very satisfied,positive
Very satisfied,positive
Very satisfied,positive
Absolutely loved it!,positive
Average experience,neutral
Not worth the money,negative
Poor quality,negative
Highly recommend,positive
Absolutely loved it!,positive
Neutral opinion,neutral
Terrible experience,negative
Neutral opinion,neutral
Average experience,neutral
Nothing special,neutral
Absolutely loved it!,positive
Very satisfied,positive
Fantastic product,positive
Won't buy again,negative
Excellent service,positive
Very satisfied,positive
Neutral opinion,neutral
Highly recommend,positive
Excellent service,positive
Neutral opinion,neutral
Very disappointed,negative
Very satisfied,positive
Won't buy again,negative
Very disappointed,negative
Excellent service,positive
Not worth the money,negative
Absolutely loved it!,positive
Poor quality,negative
Average experience,neutral
Decent but not great,neutral
Not worth the money,negative
Decent but not great,neutral
Highly recommend,positive
Excellent service,positive
Very disappointed,negative
Decent but not great,neutral
Highly recommend,positive
It was okay,neutral
It was okay,neutral
Very satisfied,positive
Excellent service,positive
Neutral opinion,neutral
Not worth the money,negative
Not worth the money,negative
Decent but not great,neutral
Average experience,neutral
Very satisfied,positive
Neutral opinion,neutral
It was okay,neutral
Not worth the money,negative
Highly recommend,positive
Very disappointed,negative
Very disappointed,negative
Very disappointed,negative
Excellent service,positive
Nothing special,neutral
Poor quality,negative
Nothing special,neutral
Terrible experience,negative
Very satisfied,positive
Not worth the money,negative
Absolutely loved it!,positive
Decent but not great,neutral
Decent but not great,neutral
Decent but not great,neutral
Excellent service,positive
Fantastic product,positive
Highly recommend,positive
Decent but not great,neutral
Neutral opinion,neutral
Poor quality,negative
Nothing special,neutral
Terrible experience,negative
Poor quality,negative
Nothing special,neutral
Excellent service,positive
Poor quality,negative
Very disappointed,negative
Decent but not great,neutral
Decent but not great,neutral
Nothing special,neutral
